{"cameraMode":{"drawMode":0,"name":"Shaded","section":"Shading Mode"},"sceneLighting":false,"audioPlay":false,"sceneViewState":{"m_AlwaysRefresh":false,"showFog":true,"showSkybox":false,"showFlares":true,"showImageEffects":true,"showParticleSystems":true,"showVisualEffectGraphs":true,"m_FxEnabled":true},"in2DMode":false,"pivot":{"x":-3.0733420848846437,"y":1.8617583513259888,"z":0.6634582281112671},"rotation":{"x":0.08788901567459107,"y":0.7111324667930603,"z":-0.09026174247264862,"w":0.6917909979820252},"size":0.36574432253837588,"orthographic":false}