{"cameraMode":{"drawMode":0,"name":"Shaded","section":"Shading Mode"},"sceneLighting":false,"audioPlay":false,"sceneViewState":{"m_AlwaysRefresh":false,"showFog":true,"showSkybox":false,"showFlares":true,"showImageEffects":true,"showParticleSystems":true,"showVisualEffectGraphs":true,"m_FxEnabled":true},"in2DMode":false,"pivot":{"x":-0.03999999910593033,"y":0.4429999887943268,"z":-6.380000114440918},"rotation":{"x":0.04401330277323723,"y":0.8976109623908997,"z":-0.42896729707717898,"w":0.0921584889292717},"size":0.8660253882408142,"orthographic":false}